{
  "project_info": {
    "project_number": "25931054402",
    "firebase_url": "https://projectfrinder.firebaseio.com",
    "project_id": "projectfrinder",
    "storage_bucket": "projectfrinder.appspot.com"
  },
  "client": [
    {
      "client_info": {
        "mobilesdk_app_id": "1:25931054402:android:ad3f1952d84702f7",
        "android_client_info": {
          "package_name": "com.frinder.frinder"
        }
      },
      "oauth_client": [
        {
          "client_id": "25931054402-pjud61u7sij0kgbjmicc17i93u60om0d.apps.googleusercontent.com",
          "client_type": 3
        }
      ],
      "api_key": [
        {
          "current_key": "AIzaSyA6JVotqW2RehOTYwmthiY6zHW0hhnz0Jc"
        }
      ],
      "services": {
        "analytics_service": {
          "status": 1
        },
        "appinvite_service": {
          "status": 1,
          "other_platform_oauth_client": []
        },
        "ads_service": {
          "status": 2
        }
      }
    }
  ],
  "configuration_version": "1"
}